{"cameraMode":{"drawMode":0,"name":"Shaded","section":"Shading Mode"},"sceneLighting":false,"audioPlay":false,"sceneViewState":{"m_AlwaysRefresh":false,"showFog":true,"showSkybox":true,"showFlares":true,"showImageEffects":true,"showParticleSystems":true,"showVisualEffectGraphs":true,"m_FxEnabled":true},"in2DMode":false,"pivot":{"x":712.9581909179688,"y":514.8836669921875,"z":-416.9178161621094},"rotation":{"x":0.17781199514865876,"y":0.21648772060871125,"z":-0.040134869515895846,"w":0.9591183662414551},"size":63.606666564941409,"orthographic":false}